,"{pod=""blackbox-node1-prometheus-blackbox-exporter-6d86b6b49c-sb8pw""}","{pod=""blackbox-node2-prometheus-blackbox-exporter-58d4865fdc-pffcn""}","{pod=""blackbox-node3-prometheus-blackbox-exporter-5f7b6d758-kswpr""}","{pod=""blackbox-node4-prometheus-blackbox-exporter-5f89b79b4-r4d7j""}","{pod=""blackbox-node5-prometheus-blackbox-exporter-5cd7c5ccbd-gcrt7""}","{pod=""deployment-deployer-5877789877-ffppl""}","{pod=""deployment-optimizer-7487547b6c-spn5d""}","{pod=""deployment-ricplt-a1mediator-5db949cb8d-7799c""}","{pod=""deployment-ricplt-alarmmanager-8447bb7fd9-97mq6""}","{pod=""deployment-ricplt-appmgr-54cdfd7647-44wnm""}","{pod=""deployment-ricplt-e2mgr-69dc54b6bd-zcrjg""}","{pod=""deployment-ricplt-e2term-opt-e2term-node2-alpha-67db65dd8b4zw6x""}","{pod=""deployment-ricplt-e2term-opt-e2term-node3-alpha-759647dfbfpqkk2""}","{pod=""deployment-ricplt-e2term-opt-e2term-node4-alpha-84ffb664f6w24g8""}","{pod=""deployment-ricplt-e2term-opt-e2term-node5-alpha-6c9555699-z9mld""}","{pod=""deployment-ricplt-o1mediator-5859cccb59-qsk7v""}","{pod=""deployment-ricplt-rtmgr-5bfdd9694d-wr4jz""}","{pod=""deployment-ricplt-submgr-d4ccbd4d5-b77sw""}","{pod=""deployment-ricplt-vespamgr-65d6fdddf8-f6nc9""}","{pod=""deployment-tiller-ricxapp-6ff54cb9c-vw7f9""}","{pod=""node-exporter-prometheus-node-exporter-gcskn""}","{pod=""node-exporter-prometheus-node-exporter-jsm7h""}","{pod=""node-exporter-prometheus-node-exporter-mp29z""}","{pod=""node-exporter-prometheus-node-exporter-tnfq8""}","{pod=""node-exporter-prometheus-node-exporter-wmpr2""}","{pod=""opt1-e2sim-node2-e2sim-helm-78698c5ddf-pjl98""}","{pod=""opt1-e2sim-node3-e2sim-helm-5c9f84c49f-599ds""}","{pod=""opt1-e2sim-node4-e2sim-helm-79c9789977-ghr79""}","{pod=""opt1-e2sim-node5-e2sim-helm-679b665767-69vbg""}","{pod=""opt2-e2sim-node2-e2sim-helm-5959c99f47-cxbxz""}","{pod=""opt2-e2sim-node3-e2sim-helm-767ddb65b5-kv5fp""}","{pod=""opt2-e2sim-node4-e2sim-helm-8688bbcb4c-dhtv7""}","{pod=""opt2-e2sim-node5-e2sim-helm-7cdbcdfc98-xmqxn""}","{pod=""r4-infrastructure-kong-57684789c7-b9kpf""}","{pod=""r4-infrastructure-prometheus-alertmanager-6d6d49b774-v8sc4""}","{pod=""r4-infrastructure-prometheus-server-5b6c9fd9c4-5nljn""}","{pod=""ricxapp-opt1-xapp1-node2-e22-7577b49cd-62kmv""}","{pod=""ricxapp-opt1-xapp1-node3-e23-7b8f9478f8-dcw2n""}","{pod=""ricxapp-opt1-xapp1-node4-e24-fd79d569d-6c6lh""}","{pod=""ricxapp-opt1-xapp1-node5-e25-594f44cd4b-slwdn""}","{pod=""ricxapp-opt2-xapp1-node2-e22-6b65dcfcf4-mwsvk""}","{pod=""ricxapp-opt2-xapp1-node3-e23-5f4c8f6c58-b9k2p""}","{pod=""ricxapp-opt2-xapp1-node4-e24-54b869bc8-z6tvm""}","{pod=""ricxapp-opt2-xapp1-node5-e25-56dbfdffbb-7vlpk""}","{pod=""statefulset-ricplt-dbaas-server-0""}"
2022-11-08 03:58:30,0.07056819404613504,0.055139029575133364,0.04877845888664592,0.05401463095482924,0.05448935221921334,0.2283310656729485,0.04774339683658954,0.003090999598460777,0.0007184267783887205,0.0010796177763829852,0.005798205446486912,0.011999170585566338,0.005751644281444843,0.005298593888939156,0.006025862943956496,0.002180846196882881,0.007419553773689733,0.0051468956209909916,0.0032840889100309977,0.0001687204422666188,0.18933405806930154,0.196537049642306,0.19052674796825492,0.19882928882397938,0.3589127550599047,0.0015786255019903253,0.0015615140040759496,0.0015429334463823697,0.0012621669569371438,0.0011839574771551873,0.0011347135224357924,0.001214203896668174,0.0013975587374018099,0.006002931817435146,0.001632347993126056,0.7523220907284115,0.0014586751142464036,0.0014384699634262955,0.0013277223324419589,0.0014586085553100225,,,,,0.011893045212383135
2022-11-08 03:58:31,0.07056819404613504,0.05563490128502757,0.04922123460197478,0.05401463095482924,0.05448935221921334,0.1605483306995375,0.04774339683658954,0.002909541537806074,0.0007184267783887205,0.0010796177763829852,0.005287120561084926,0.011999170585566338,0.005751644281444843,0.005298593888939156,0.0060231042008063364,0.0019522132890222644,0.00748124718312705,0.0051468956209909916,0.0032840889100309977,0.0001687204422666188,0.19274073984824064,0.196537049642306,0.19225813614974635,0.19882928882397938,0.3828130455918759,0.0015954561667610428,0.0015812906945304732,0.0015588798718732906,0.0016106283680201814,0.001205075100795251,0.0012623238487803386,0.0012422407527792165,0.001410972536033827,0.006039941482283828,0.0016181054430553115,0.7523220907284115,0.0015031630588209304,0.0014833885465170848,0.0013560201616020925,0.0014594165918342997,,,,,0.011887668244144639
2022-11-08 03:58:32,0.0671543079943171,0.05959848650749686,0.04966401031730363,0.05401463095482924,0.05448935221921334,0.1619603582887964,0.04774339683658954,0.0029353829831828427,0.0006082749890521578,0.0010796177763829852,0.005287120561084926,0.011999170585566338,0.005751644281444843,0.005298593888939156,0.0060231042008063364,0.0019522132890222644,0.008080290188763401,0.0051468956209909916,0.0033270041901489276,0.0001687204422666188,0.19274073984824064,0.196537049642306,0.2076066038139711,0.19882928882397938,0.3828130455918759,0.0016153557259381743,0.0015984888105734804,0.0015703547907439234,0.0016273224445458511,0.0013484111162411752,0.001425259065134803,0.0012702776088902587,0.0014243863346658444,0.006345121379123404,0.0016181054430553115,0.7523220907284115,0.0015476510033954572,0.0015283071296078741,0.0013965417514415067,0.001205488238152951,,,,,0.011887668244144639
2022-11-08 03:58:33,0.07260860212876469,0.05959848650749686,0.047010685370390846,0.05401463095482924,0.05448935221921334,0.14460860875113823,0.04426826443149399,0.003152675083540965,0.0006082749890521578,0.001139699029828212,0.005287120561084926,0.011999170585566338,0.004857328360057424,0.005298593888939156,0.005876837758096226,0.002343154429359943,0.007283173572588797,0.0051468956209909916,0.0033270041901489276,0.0001687204422666188,0.1940286341301013,0.196537049642306,0.2076066038139711,0.2028729377431964,0.3591045883023801,0.0016317074870589008,0.0016541863412550593,0.0016232910747400041,0.0016440165210715213,0.0013108473788029402,0.0014384199499757392,0.0012983144650013014,0.001424631794725933,0.006345121379123404,0.0016181054430553115,0.7523220907284115,0.0015921389479699845,0.0011422640037713715,0.001437063341280921,0.0014133955208391752,,,,,0.011887668244144639
2022-11-08 03:58:34,0.07260860212876469,0.05959848650749686,0.047433243612651055,0.05401463095482924,0.05448935221921334,0.14565899916914415,0.044671652223185546,0.003152675083540965,0.0006082749890521578,0.0010429095836705135,0.005287120561084926,0.011081027786603605,0.004898074115231356,0.005298593888939156,0.005129493112392368,0.002343154429359943,0.007283173572588797,0.0051468956209909916,0.0033270041901489276,0.00015476069819109821,0.1940286341301013,0.18104300255993547,0.2076066038139711,0.2028729377431964,0.35590736759445574,0.001640893054525958,0.0016713844572980668,0.0016387595581503556,0.0016607105975971915,0.001323220033933974,0.0014515808348166755,0.0014220976437359194,0.0014380455933579502,0.006345121379123404,0.0016181054430553115,0.7542588440209855,0.0016366268925445114,0.001335713725028023,0.0014775849311203355,0.001452834168418065,,,,,0.011887668244144639
2022-11-08 03:58:35,0.073083287346013,0.05959848650749686,0.048637215809227995,0.05025356754029259,0.05448935221921333,0.15490873719010434,0.048083237240118315,0.003152675083540965,0.0005541372600307536,0.0010331029070923124,0.005287120561084926,0.01114877454078475,0.00412691215029792,0.00519404629143996,0.005517237178541936,0.002343154429359943,0.005322067606697459,0.005360111862118571,0.0033270041901489276,0.000153181303402044,0.1940286341301013,0.17008296286774854,0.2076066038139711,0.2028729377431964,0.38497029713573183,0.0015787092886072117,0.0016885825733410737,0.0016488862076753812,0.0016774046741228612,0.001335592689065008,0.0014647417196576116,0.0014355771186103238,0.001444771512207492,0.006345121379123404,0.0016181054430553115,0.7542588440209855,0.0011595298111333353,0.0013735835481365262,0.0016607681682575363,0.0014922728159969547,,,,,0.011887668244144639
2022-11-08 03:58:36,0.073083287346013,0.05959848650749686,0.04907607183353627,0.049809373683882135,0.054691228723867766,0.15490873719010434,0.048083237240118315,0.003152675083540965,0.0005541372600307536,0.0009187930613413083,0.004844408049189479,0.013929760601566372,0.004211031954290749,0.00519404629143996,0.005517237178541936,0.002343154429359943,0.005322067606697459,0.005135654892329297,0.0035157020730113417,0.00016232160227736664,0.19642554788154215,0.20267667524230124,0.20702288881340433,0.2028729377431964,0.38497029713573183,0.0015787092886072117,0.0017057806893840811,0.0016648326331663021,0.0015647234057280792,0.001347965344196042,0.0014734954085024164,0.001337135932040121,0.0014581853108395094,0.006345121379123404,0.0016181054430553115,0.7542588440209855,0.0011874463490045835,0.0014114533712450293,0.0017085760344215648,0.001531711463575845,,,,,0.011888325700680297
2022-11-08 03:58:37,0.073083287346013,0.05959848650749686,0.049514927857844546,0.04936517982747169,0.054691228723867766,0.15490873719010434,0.048083237240118315,0.003152675083540965,0.0005541372600307536,0.0009187930613413081,0.0008903239090345226,0.013929760601566372,0.004504550999550028,0.00519404629143996,0.005517237178541936,0.002343154429359943,0.005322067606697459,0.005135654892329297,0.0035157020730113417,0.00016232160227736664,0.19642554788154215,0.20267667524230124,0.20702288881340433,0.2049387026660564,0.38497029713573183,0.0017693537529571437,0.0017229788054270883,0.001680779058657223,0.0015657175435460917,0.001360337999327076,0.0014813437809557968,0.0013311009771671822,0.0014715991094715265,0.006345121379123404,0.0016181054430553115,0.7542588440209855,0.0012153628868758317,0.0014493231943535326,0.0017563839005855938,0.0015711501111547348,,,,,0.011888325700680297
2022-11-08 03:58:38,0.073083287346013,0.05180555333501229,0.049953783882152825,0.048920985971061245,0.0549705430167568,0.15490873719010434,0.048083237240118315,0.0030974304506248837,0.0005152798397975474,0.0008364260123628821,0.0011088188587454486,0.013929760601566372,0.004593645376215406,0.00519404629143996,0.005517237178541936,0.002343154429359943,0.005322067606697459,0.005135654892329297,0.0035157020730113417,0.00014641543089450457,0.19642554788154215,0.20267667524230124,0.20702288881340433,0.2049387026660564,0.3518536662327929,0.0017863326086852795,0.0017401769214700955,0.001696725484148144,0.0015667116813641042,0.00137271065445811,0.0014945046657967329,0.001330023070804948,0.0014850129081035437,0.006345121379123404,0.0016181054430553115,0.6965213115140716,0.0012432794247470797,0.0014871930174620357,0.0018041917667496223,0.001592591247254262,,,,,0.011888325700680297
2022-11-08 03:58:39,0.073083287346013,0.05228175121336788,0.05289790437822793,0.055515771380808536,0.0549705430167568,0.15490873719010434,0.048083237240118315,0.0030974304506248837,0.0005272775582744521,0.0008272377051106129,0.0011088188587454486,0.014528136061860264,0.005345662599922727,0.005056345126326899,0.005517237178541936,0.002343154429359943,0.005322067606697459,0.005135654892329297,0.0035157020730113417,0.00014785817937403186,0.19642554788154215,0.20272058558859074,0.20702288881340433,0.2049387026660564,0.3827054096975959,0.0018033114644134159,0.0017549559247581213,0.0017126719096390648,0.0015677058191821166,0.0013850833095891439,0.0015076655506376692,0.001328945164442714,0.0014984267067355609,0.006345121379123404,0.0016355741998260475,0.7028372021436056,0.0012632968355978976,0.001525062840570539,0.0018519996329136512,0.001631614798819659,,,,,0.011887470851868379
2022-11-08 03:58:40,0.073083287346013,0.05275794909172346,0.05289790437822793,0.05558510653483177,0.0549705430167568,0.15490873719010434,0.048083237240118315,0.0030974304506248837,0.0005272775582744521,0.0008325223262051504,0.0011088188587454486,0.01338693516321084,0.005345662599922727,0.00513519372291169,0.005517237178541936,0.002348686056820976,0.005322067606697459,0.005135654892329297,0.0035157020730113417,0.0001605216636950027,0.19642554788154215,0.20272058558859074,0.20702288881340433,0.2049387026660564,0.3827054096975959,0.0018202903201415517,0.0016340529534349022,0.0017286183351299857,0.0018092570192280739,0.0013974559647201778,0.0015208264354786053,0.0013278672580804799,0.0015118405053675785,0.0059834803962689805,0.0016355741998260475,0.7580896660192066,0.0015050120954313356,0.001562932663679042,0.00189980749907768,0.0016706383503850564,,,,,0.011887470851868379
2022-11-08 03:58:41,0.073083287346013,0.05323414697007904,0.05289790437822793,0.05558510653483177,0.0549705430167568,0.15490873719010434,0.048083237240118315,0.0030974304506248837,0.0005272775582744521,0.0008325223262051504,0.0011088188587454486,0.014930452271786961,0.005345662599922727,0.00513519372291169,0.005517237178541936,0.002348686056820976,0.005322067606697459,0.0045052194831593,0.0035157020730113417,0.00014322928806130672,0.19642554788154215,0.20272058558859074,0.20702288881340433,0.2049387026660564,0.3827054096975959,0.0018372691758696878,0.0016337474713342605,0.0017445647606209066,0.0018259510957537436,0.0014260298024663734,0.0015339873203195416,0.0015092841233864981,0.0015252543039995957,0.005506754857226887,0.0016355741998260475,0.7580896660192066,0.0015402524438596784,0.001582516562017951,0.0019476153652417084,0.0017096619019504533,,,,,0.011887470851868379
2022-11-08 03:58:42,0.06790548666211194,0.053710344848434635,0.05289790437822793,0.05558510653483177,0.057338070868652474,0.15490873719010434,0.048083237240118315,0.00311085347343552,0.0005272775582744521,0.0007890017188858665,0.0011088188587454486,0.014930452271786961,0.005345662599922727,0.00513519372291169,0.004826761922713366,0.002348686056820976,0.005322067606697459,0.004647197165582205,0.0034946443249266575,0.00014436827055959152,0.19642554788154215,0.20272058558859074,0.1916519131028202,0.2049387026660564,0.3827054096975959,0.001854248031597824,0.0016334419892336189,0.0017605111861118275,0.0018390159645727854,0.001438739191639116,0.001547148205160478,0.0014154636083919267,0.0015386681026316128,0.005506754857226887,0.0016517578389877265,0.7580896660192066,0.0015754927922880216,0.0016199867174366124,0.001995423231405737,0.0017486854535158506,,,,,0.011887470851868379
2022-11-08 03:58:43,0.06729105677200857,0.05795541083503547,0.049023912052910665,0.05558510653483177,0.057338070868652474,0.15490873719010434,0.048663240640742525,0.00311085347343552,0.0005073867826693836,0.0007890017188858665,0.0010787594277067735,0.014930452271786961,0.005345662599922727,0.00513519372291169,0.005051095908941187,0.002348686056820976,0.005322067606697459,0.004689848310087943,0.003793824121084573,0.0001549038586687261,0.1976154862887538,0.20272058558859074,0.18992052492132877,0.20583713893379518,0.3827054096975959,0.0018712268873259598,0.0018653159750994818,0.0019086016530396373,0.002004011869914245,0.0014514485808118584,0.001674246160290609,0.0014154636083919267,0.00155208190126363,0.005168006130397059,0.0016157228972984792,0.7578039605257181,0.0016107331407163646,0.0016574568728552738,0.0014648198656352033,0.0017877090050812479,,,,,0.012109942576804526
2022-11-08 03:58:44,0.06659701174208069,0.05795541083503547,0.04858113633758181,0.05558510653483177,0.05824227400534733,0.15490873719010434,0.04866324064074251,0.00311085347343552,0.0005453726250034772,0.0007890017188858665,0.0010787594277067735,0.014930452271786961,0.005032259833043232,0.004524114424428944,0.005094327927626539,0.002348686056820976,0.005322067606697459,0.0050899018285036,0.003793824121084573,0.00014460745688423134,0.1813096213756139,0.20370745188524747,0.17630210835388666,0.20583713893379518,0.32031337884274536,0.0018882057430540961,0.001883189649230781,0.0019086016530396373,0.0019955516909133195,0.0014600048148156169,0.001674246160290609,0.0014154636083919267,0.0015654956998956474,0.004976600032668494,0.001651235307483267,0.7578039605257181,0.0016459734891447078,0.0016990262653549754,0.001497577872773536,0.0018307321998707916,,,,,0.012293998713914504
2022-11-08 03:58:45,0.06598258185197732,0.05795541083503547,0.05272729099740737,0.056268436531467764,0.05824227400534733,0.13691279075977264,0.04866324064074251,0.00311085347343552,0.0005453726250034772,0.000952663803131884,0.0010787594277067735,0.014930452271786961,0.0049915140778693,0.004570234501900585,0.005137559946311892,0.002348686056820976,0.005322067606697459,0.0050899018285036,0.003793824121084573,0.00014346847438594652,0.1806343661504245,0.20370745188524747,0.1881827244323282,0.20700732404951144,0.32036342855690275,0.001736265238553048,0.0019010633233620803,0.001801437123638274,0.0019955516909133195,0.0014727142039883594,0.001674246160290609,0.0014154636083919267,0.0016915887604862677,0.0049933736106468765,0.0016556099768958033,0.7578039605257181,0.001681213837573051,0.0017361166244119254,0.0015303358799118694,0.0016243157980273576,,,,,0.012370785195276634
2022-11-08 03:58:46,0.06536815196187395,0.05720398948574755,0.05272729099740737,0.056268436531467764,0.05824227400534733,0.1354672533850151,0.04866324064074251,0.00311085347343552,0.0005453726250034772,0.000952663803131884,0.0010787594277067735,0.014930452271786961,0.00542073244202535,0.004616354579372225,0.005131637159751998,0.002348686056820976,0.005322067606697459,0.0050899018285036,0.003660881137575294,0.00016823943009542714,0.20015734678734493,0.20370745188524747,0.21020282092607878,0.20700732404951144,0.3827767785573567,0.0018934821629516493,0.0017949116356312258,0.0019945615900575668,0.0019955516909133195,0.0014854235931611019,0.0015487173001021957,0.0017242903427611249,0.0015279178367506,0.0049933736106468765,0.0016556099768958033,0.7555874397529716,0.001716454186001394,0.001801809302425278,0.001553238824489428,0.001657447380301348,,,,,0.012370785195276634
2022-11-08 03:58:47,0.07253957379097292,0.05720398948574755,0.05272729099740737,0.056268436531467764,0.05824227400534733,0.1340217160102576,0.04866324064074251,0.0028032550202206933,0.000505985212951337,0.000952663803131884,0.0010787594277067735,0.014930452271786961,0.00542073244202535,0.004662474656843864,0.005088405141066646,0.002348686056820976,0.005322067606697459,0.0050899018285036,0.003389548502230638,0.00016823943009542714,0.18728351441274615,0.20370745188524747,0.21152275166246062,0.20700732404951144,0.3827767785573567,0.0019111244038371084,0.0021175284374904497,0.0019945615900575668,0.0019955516909133195,0.001605203957726372,0.0016700204498298005,0.001658280717483183,0.0013166303450722143,0.0049933736106468765,0.0016556099768958033,0.7555874397529716,0.0017516945344297373,0.0015699686837723184,0.0015857908679673914,0.001690578962575338,,,,,0.012370785195276634
2022-11-08 03:58:48,0.07179649478937628,0.05720398948574755,0.04895166844674204,0.056268436531467764,0.0595673146292317,0.12335585154624412,0.04866324064074251,0.002855982573616201,0.0005013909464937302,0.000952663803131884,0.0010787594277067735,0.014930452271786961,0.00542073244202535,0.004708594734315504,0.005045173122381294,0.002348288453348179,0.006396335325500966,0.0050899018285036,0.003358297982755297,0.00016823943009542714,0.18901571290861657,0.20370745188524747,0.21152275166246062,0.20700732404951144,0.3827767785573567,0.002095904572185064,0.0021175284374904497,0.0019945615900575668,0.0018342618705605583,0.0015349247087555766,0.001600800317041893,0.001658280717483183,0.0014747921631339967,0.0049933736106468765,0.0016556099768958033,0.7021981636130832,0.0017869348828580803,0.0016018044222514418,0.0015620236385942483,0.0017182923751489056,,,,,0.011923209832528796
2022-11-08 03:58:49,0.07179649478937628,0.05772663871065809,0.04851281242243377,0.056268436531467764,0.0595673146292317,0.10900024785183632,0.04866324064074251,0.003109999725755028,0.0007024121625669547,0.000952663803131884,0.0010787594277067735,0.014930452271786961,0.00542073244202535,0.005057839020969497,0.005001941103695942,0.002348288453348179,0.006974895369492832,0.0050899018285036,0.003327047463279955,0.00017468718445854648,0.20413924927631155,0.20370745188524747,0.2127263950253266,0.20844937291958474,0.3566424336897206,0.002095904572185064,0.001962499731081307,0.0020399430778045603,0.0018175677940348884,0.0014167727299557085,0.001600800317041893,0.001658280717483183,0.0014880672866803297,0.0049933736106468765,0.0016556099768958033,0.6958822729835492,0.001822175231286423,0.001633640160730565,0.001587289405747597,0.0017514239574228955,,,,,0.011923209832528796
2022-11-08 03:58:50,0.07179649478937628,0.05772663871065809,0.04807395639812549,0.05809105186401939,0.0595673146292317,0.10944433384834468,0.048860385268761124,0.003109999725755028,0.0007024121625669547,0.000952663803131884,0.0010760021405911747,0.015037177563539804,0.00542073244202535,0.004736189414933672,0.0051237047999188705,0.0024276734061557496,0.006377644427411958,0.0050899018285036,0.003496416490408755,0.00017468718445854648,0.20413924927631155,0.20370745188524747,0.2127263950253266,0.20844937291958474,0.3534471353809253,0.002095904572185064,0.0019450812645877653,0.0020399430778045603,0.002021985050331125,0.0014039000406491913,0.001600800317041893,0.001658280717483183,0.0016087138219899946,0.0049933736106468765,0.0016556099768958033,0.6895663823540152,0.0018574155797147665,0.0016654758992096883,0.0016155143248216064,0.0017845555396968859,,,,,0.011923209832528793
2022-11-08 03:58:51,0.07180854627266534,0.05772663871065809,0.04777765854608543,0.05809105186401939,0.0595673146292317,0.10837309750124718,0.048860385268761124,0.003109999725755028,0.0007024121625669547,0.000952663803131884,0.0010760021405911747,0.01539516957897074,0.00542073244202535,0.004698012175389153,0.005080472781233518,0.002429263639459208,0.00633438460084438,0.004920842586618339,0.003552356322714327,0.00017468718445854648,0.20413924927631155,0.18936831162734227,0.2127263950253266,0.20844937291958476,0.35025183707213015,0.002095904572185064,0.0019276627980942239,0.0020399430778045603,0.002021985050331125,0.0013910273513426741,0.001600800317041893,0.001658280717483183,0.0016087138219899946,0.005017794105080841,0.0016556099768958033,0.7531492105311541,0.0018949820621845506,0.0016973116376888114,0.0016403957282937927,0.0018176871219708764,,,,,0.011923209832528793
2022-11-08 03:58:52,0.07180854627266534,0.05855779774527789,0.047335201526809895,0.05934190413819036,0.0595673146292317,0.09965058134579809,0.048860385268761124,0.003140910740840491,0.0007024121625669547,0.0007926669173275731,0.0010760021405911747,0.014563603250402714,0.0049924361785433705,0.004659834935844634,0.005037240762548167,0.002429263639459208,0.00633438460084438,0.004038970051447158,0.003552356322714327,0.00017468718445854648,0.20413924927631155,0.18767717584978535,0.2127263950253266,0.20844937291958476,0.3839954612754728,0.001931403907608824,0.0019102443316006824,0.0020399430778045603,0.002021985050331125,0.0015344382669553848,0.001600800317041893,0.001658280717483183,0.0016087138219899946,0.005017794105080841,0.0016556099768958033,0.7531492105311541,0.0016494808428259042,0.0017291473761679348,0.0016652771317659785,0.001850818704244867,,,,,0.011920966319004644
2022-11-08 03:58:53,0.07180854627266534,0.05855779774527789,0.05203269263908444,0.05934190413819036,0.05966488891143336,0.09965058134579809,0.04886038526876112,0.003140910740840491,0.0007024121625669547,0.0007926669173275731,0.0009524329720794755,0.014701647777556903,0.005119098802917251,0.004269692325075297,0.005726391936170265,0.002429263639459208,0.00633438460084438,0.004072193279080601,0.003552356322714327,0.00017468718445854648,0.20413924927631155,0.1859860400722284,0.2127263950253266,0.20844937291958476,0.3839954612754728,0.0021063097197335026,0.002162176136061609,0.0020399430778045603,0.002021985050331125,0.0015344382669553848,0.001600800317041893,0.001658280717483183,0.0016087138219899946,0.005017794105080841,0.0016556099768958033,0.7531492105311541,0.001656642222952854,0.001748800879631252,0.0016901585352381645,0.0018646667516144856,,,,,0.011921217100075585
2022-11-08 03:58:54,0.07180854627266534,0.05855779774527789,0.05203269263908444,0.05934190413819036,0.06134653828516741,0.09965058134579809,0.04886038526876112,0.0031087971892161414,0.0006647994282481346,0.000792666917327573,0.001023851716316084,0.01483969230471109,0.004946980585064308,0.0048762101321058425,0.005726391936170265,0.002429263639459208,0.00633438460084438,0.004105416506714043,0.003552356322714327,0.00017468718445854648,0.20413924927631155,0.13711111162501766,0.2127263950253266,0.20844937291958476,0.3839954612754728,0.0021063097197335026,0.002162176136061609,0.0020399430778045603,0.002021985050331125,0.0015344382669553848,0.001600800317041893,0.0016600238335173871,0.0016087138219899946,0.005017794105080841,0.0016556099768958033,0.7531492105311541,0.0015492404001301132,0.0017576733901511197,0.0016970099958676069,0.0018730293496964385,,,,,0.010683875708261723
2022-11-08 03:58:55,0.07180854627266534,0.05855779774527789,0.05203269263908444,0.05934190413819036,0.06134653828516741,0.09965058134579809,0.048561431617282894,0.0031087971892161414,0.0006603041509556835,0.000792666917327573,0.001018925940982397,0.01614821637760563,0.005013763873654502,0.004830090054634203,0.005726391936170265,0.002429263639459208,0.00633438460084438,0.004138639734347484,0.003552356322714327,0.0001731767104548151,0.20413924927631155,0.1905287207851732,0.2127263950253266,0.18992281683468396,0.3839954612754728,0.0021063097197335026,0.002178352314065651,0.0020399430778045603,0.0020383104468324545,0.0015344382669553848,0.001600800317041893,0.0016600238335173871,0.0016087138219899946,0.004488377878781575,0.0016596345337093787,0.6890049267261078,0.001556756915225222,0.001766545900670988,0.0018600584994291946,0.0018813919477783914,,,,,0.01163115456322153
2022-11-08 03:58:56,0.07180854627266534,0.0583656921024303,0.05277654326304611,0.05934190413819036,0.0613465382851674,0.09965058134579809,0.048561431617282894,0.0031087971892161414,0.0008995949280049659,0.0006959863771824097,0.001018925940982397,0.016511828856250244,0.005013763873654502,0.004942356634593827,0.005726391936170265,0.002557415591609668,0.00633438460084438,0.0044187226177066115,0.003552356322714327,0.0001731767104548151,0.20708650133540396,0.20732410675429813,0.2127263950253266,0.21021500927910464,0.3840523098149218,0.0021063097197335026,0.002178352314065651,0.0020573381582139937,0.0020955710781412878,0.0015344382669553848,0.001600800317041893,0.0016582066202227683,0.0016087138219899946,0.004392691191582234,0.0016752147767467931,0.6952485158197004,0.0015848569922140075,0.001775418411190856,0.0016060767435545774,0.0018897545458603443,,,,,0.011633218679521183
2022-11-08 03:58:57,0.07180854627266534,0.0583656921024303,0.05277654326304611,0.05934190413819036,0.0613465382851674,0.09965058134579809,0.048561431617282894,0.0031087971892161414,0.0008995949280049659,0.0006959863771824097,0.0009296822554393993,0.016511828856250244,0.005013763873654502,0.004942356634593827,0.005726391936170265,0.002557415591609668,0.00633438460084438,0.0044187226177066115,0.003552356322714327,0.0001731767104548151,0.20708650133540396,0.20732410675429813,0.21287023264986243,0.19169954100575337,0.3840523098149218,0.0021063097197335026,0.002178352314065651,0.0020573381582139937,0.0020955710781412878,0.0015344382669553848,0.001600800317041893,0.0016582066202227683,0.0016087138219899946,0.003851868499593009,0.0016577293966003146,0.7014921049132932,0.0015929966734737205,0.0017842909217107238,0.0016143742085967324,0.0018981171439422973,,,,,0.011632967898450242
2022-11-08 03:58:58,0.07180854627266534,0.05816825422377786,0.05277654326304611,0.05934190413819036,0.0613465382851674,0.09965058134579809,0.048561431617282894,0.0031087971892161414,0.0008995949280049659,0.00038110463358382023,0.0009296822554393993,0.016511828856250244,0.005013763873654502,0.004942356634593827,0.005693809470398844,0.002557415591609668,0.00633438460084438,0.0044187226177066115,0.003552356322714327,0.0001731767104548151,0.20708650133540396,0.20732410675429813,0.19376552235084749,0.1779522052288589,0.3840523098149218,0.0021063097197335026,0.002178352314065651,0.0020573381582139937,0.0020955710781412878,0.001527065698077942,0.001600800317041893,0.0016753399209203622,0.001611273387641016,0.0036547650437442026,0.0016582281235255035,0.7512493475964979,0.001601136354733434,0.0017858062377597496,0.0016226716736388873,0.0019064797420242502,,,,,0.009798621399945421
2022-11-08 03:58:59,0.07180854627266534,0.05816825422377786,0.05277654326304611,0.05934190413819036,0.0613465382851674,0.09965058134579809,0.048561431617282894,0.0029967734056621084,0.0009153288347627547,0.00038110463358382023,0.0009296822554393993,0.016511828856250244,0.005013763873654502,0.004942356634593827,0.005693809470398844,0.002557415591609668,0.00633438460084438,0.0044187226177066115,0.0029203605786892943,0.00017524640221916753,0.1928896911629996,0.20732410675429813,0.18319212270981003,0.1779522052288589,0.38854887498627655,0.0021063097197335026,0.002178352314065651,0.0019823533895177285,0.0020955710781412878,0.001527065698077942,0.001600800317041893,0.0016753399209203622,0.001611273387641016,0.0036733920601725754,0.0016587268504506926,0.7495386636651994,0.001609276035993147,0.0017263692897871545,0.0016309691386810425,0.0019148423401062031,,,,,0.009889626176882143
2022-11-08 03:59:00,0.07180854627266534,0.05816825422377786,0.05277654326304611,0.059948512698629816,0.06067371629648549,0.060497465993228645,0.048561431617282894,0.0029967734056621084,0.0009153288347627547,0.00038110463358382023,0.0009296822554393993,0.016786857894139952,0.005013763873654502,0.004942356634593827,0.005693809470398844,0.00259486932326918,0.00633438460084438,0.0038328045777666925,0.002957341723848231,0.00017524640221916753,0.19115749266712923,0.20732410675429813,0.1988790397759645,0.19188424442071642,0.38854887498627655,0.0021610610439466533,0.002178352314065651,0.0021375231552347882,0.002158933439443328,0.001527065698077942,0.0016195878799173044,0.0016753399209203622,0.001611273387641016,0.0036733920601725754,0.0016791625433152304,0.7495386636651994,0.0016174157172528603,0.0017263692897871545,0.0016361194979624483,0.0016227571960845816,,,,,0.009980630953818865
2022-11-08 03:59:01,0.07180854627266534,0.05816825422377786,0.05277654326304611,0.059948512698629816,0.06067371629648549,0.060497465993228645,0.048704235606128424,0.0029967734056621084,0.0009153288347627547,2.2652127391705026e-05,0.0009296822554393993,0.01562760756730836,0.004626674518410439,0.004942356634593827,0.005693809470398844,0.00259486932326918,0.00633438460084438,0.0038328045777666925,0.0029812428020580856,0.00017524640221916753,0.18942529417125883,0.20732410675429813,0.21393817299042295,0.2128870546298488,0.38854887498627655,0.0020243122708957853,0.002178352314065651,0.0021375231552347882,0.002158933439443328,0.001527065698077942,0.0016195878799173044,0.0016753399209203622,0.0015980768690827373,0.003583103222050894,0.0016796612702404195,0.7495386636651994,0.0016255553985125735,0.001576514833967032,0.0016440325993234404,0.0016307853325021656,,,,,0.010856893199748335
2022-11-08 03:59:02,0.07212048374008581,0.05816825422377786,0.053392887066074854,0.059948512698629816,0.06067371629648549,0.060497465993228645,0.048704235606128424,0.0029967734056621084,0.0009360956045024744,2.2652127391705026e-05,0.0009296822554393993,0.01576858839228859,0.004581760745103707,0.005006431557118158,0.005359264620965762,0.00259486932326918,0.0019398108989208,0.0038328045777666925,0.0029100974784389273,0.00017524640221916753,0.18769309567538844,0.20732410675429813,0.21470165484015374,0.2128870546298488,0.38854887498627655,0.002006110246841274,0.0022245273795375984,0.0019726067049644315,0.002158933439443328,0.0015179628774109068,0.0016325407596947089,0.0016889244361202303,0.0015980768690827373,0.0035694051172610757,0.0016801599971656084,0.7495386636651994,0.0016336950797722868,0.0015849721005750245,0.0016519457006844325,0.0017000454033993986,,,,,0.010856893199748335
2022-11-08 03:59:03,0.07262975391408238,0.05402884644273369,0.053392887066074854,0.059948512698629816,0.06067371629648549,0.02806040632210687,0.048704235606128424,0.0029967734056621084,0.0009360956045024744,2.2652127391705026e-05,0.0009296822554393993,0.015909569217268816,0.004536846971796975,0.005006431557118158,0.005409397006660311,0.002620375171328466,0.0017338826679844789,0.0038328045777666925,0.0029100974784389273,0.00017524640221916753,0.1861676582826699,0.20732410675429813,0.21470165484015374,0.2128870546298488,0.3941362605807552,0.0019879082227867626,0.0022245273795375984,0.001990876577280732,0.002158933439443328,0.0015179628774109068,0.0016423322394771766,0.0016889244361202303,0.0015980768690827373,0.0035557070124712575,0.0018602399398626145,0.7495386636651994,0.0017183986378811775,0.0015934293671830172,0.0016598588020454244,0.001681887142452758,,,,,0.010856893199748335
2022-11-08 03:59:04,0.06690434670476754,0.05977427035207855,0.053392887066074854,0.059948512698629816,0.056060043512690005,0.02806040632210687,0.04575963469598361,0.0029967734056621084,0.0009360956045024744,1.953566847395513e-05,0.0009296822554393993,0.01710513360670947,0.004450412037237979,0.004553309731411312,0.0057239849849528715,0.002620375171328466,0.0017690320414065763,0.0038328045777666925,0.0029100974784389273,0.0001623153636857206,0.16619079561135444,0.20732410675429813,0.21470165484015374,0.21514309962487183,0.3941362605807552,0.0019749972057762372,0.0022670334359041655,0.0018439228593045676,0.002158933439443328,0.0015179628774109068,0.0016470807333315144,0.0016889244361202303,0.0015980768690827373,0.003693859186729163,0.0018607386667878034,0.7495386636651994,0.0009793864395840092,0.0015864560465591768,0.0017468301503280697,0.0009613560115659741,,,,,0.010856893199748335
2022-11-08 03:59:05,0.06631464568413567,0.05977427035207855,0.05339288706607487,0.0566913058071524,0.05659588915311267,0.02785297334936994,0.048888759986598154,0.0029967734056621084,0.000942867055306903,1.953566847395513e-05,0.0009249153540502441,0.01710513360670947,0.004407105447467165,0.0045952606437511135,0.0057239849849528715,0.00243424451338405,0.0019466474387286451,0.0037902359100589734,0.0029100974784389273,0.0001607903272002035,0.20837196868319613,0.20732410675429813,0.21470165484015374,0.21514309962487183,0.3941362605807552,0.0018166358877273736,0.0022670334359041655,0.0018439228593045676,0.002158933439443328,0.0015179628774109068,0.0016470807333315144,0.0016889244361202303,0.0016089139275784234,0.003693859186729163,0.0018612373937129925,0.6971341392063115,0.0009793864395840092,0.000868402645896121,0.0009072043046964867,0.0009613560115659741,,,,,0.009947596219790836
2022-11-08 03:59:06,0.07418237797625406,0.05977427035207855,0.05339288706607487,0.056191522860195374,0.05713173479353533,0.02785297334936994,0.04864192241037786,0.0024150808610585873,0.0008891112842350421,1.953566847395513e-05,0.0009249153540502441,0.01710513360670947,0.004757746265249833,0.005016395365002287,0.005357391914561483,0.002457395702577944,0.0021089624053258573,0.0037902359100589734,0.0028783268549285148,0.00030591998060717655,0.20837196868319613,0.20732410675429813,0.21470165484015374,0.21514309962487183,0.3941362605807552,0.0021887745252466674,0.0022670334359041655,0.0018439228593045676,0.002158933439443328,0.001524188119361745,0.0016470807333315144,0.0016889244361202303,0.0016089139275784234,0.003693859186729163,0.0018617361206381814,0.6908905501127187,0.0009793864395840092,0.0009462241527455152,0.000915617279035974,0.0009613560115659741,,,,,0.009856591442854114
2022-11-08 03:59:07,0.07418237797625406,0.06176846555095461,0.05339288706607487,0.050622392004240305,0.05766758043395799,0.02785297334936994,0.04864192241037786,0.0024150808610585873,0.0008891112842350421,1.953566847395513e-05,0.0009249153540502441,0.01710513360670947,0.004409961405477122,0.005181816113577226,0.0053072595288669346,0.002480546891771838,0.0021089624053258573,0.0035205935976464634,0.0028783268549285148,0.00030591998060717655,0.20837196868319613,0.20732410675429813,0.21470165484015374,0.21514309962487183,0.3941362605807552,0.0021887745252466674,0.002257796219485609,0.0019788915410412387,0.0021676523814850275,0.001524188119361745,0.0016470807333315144,0.0016889244361202303,0.0016089139275784234,0.0031841462226854683,0.0018622348475633706,0.684646961019126,0.0009793864395840092,0.0010189649976218391,0.0010026263628985356,0.0009613560115659741,,,,,0.00976558666591739
2022-11-08 03:59:08,0.07418237797625406,0.06176846555095461,0.04947162848284356,0.04960555289194701,0.05651695247786455,0.024792145339568077,0.04864192241037786,0.0024150808610585873,0.0008891112842350421,1.953566847395513e-05,0.0009249153540502441,0.016951633250644353,0.004450552047607562,0.005181816113577226,0.005686435562378653,0.002709066492507468,0.0021089624053258573,0.0034899367489837933,0.0028783268549285148,0.00030591998060717655,0.20837196868319613,0.20732410675429813,0.21470165484015374,0.21514309962487183,0.3941362605807552,0.0021887745252466674,0.002257796219485609,0.0021910839978262174,0.0021439308509073737,0.0015229739545930643,0.0016470807333315144,0.0016889244361202303,0.0016089139275784234,0.0031539689509589336,0.0018560452481275677,0.6784033719255333,0.0009793864395840092,0.0010189649976218391,0.0010026263628985356,0.0009613560115659741,,,,,0.010838988941190529
2022-11-08 03:59:09,0.07418237797625406,0.06176846555095461,0.04903480867817251,0.059468626084910575,0.05701333322565814,0.025538365479340044,0.04435031087274847,0.002453498760268522,0.0008891112842350421,1.953566847395513e-05,0.0008838302225705386,0.016951633250644353,0.004491142689738003,0.005181816113577226,0.005686435562378653,0.002709066492507468,0.0021089624053258573,0.0038671892402058006,0.0028783268549285148,0.0003623465912991876,0.20837196868319613,0.2066726520125035,0.21470165484015374,0.21514309962487183,0.3980769812996474,0.0021887745252466674,0.002257796219485609,0.0021910839978262174,0.0021439308509073737,0.0015229739545930643,0.0016470807333315144,0.0015594610746031985,0.0016089139275784234,0.0031806790236346403,0.0018564188701498938,0.6721597828319408,0.0009793864395840092,0.0010189649976218391,0.0010026263628985356,0.0009613560115659741,,,,,0.010838988941190529
2022-11-08 03:59:10,0.07418237797625406,0.05447899533660386,0.054611149904307,0.059468626084910575,0.06193358329297516,0.025538365479340044,0.04864052147853114,0.002840055026700177,0.0008891112842350421,1.953566847395513e-05,0.0008838302225705386,0.016951633250644353,0.00487424731782563,0.005181816113577226,0.005686435562378653,0.002709066492507468,0.0021089624053258573,0.0038671892402058006,0.0028783268549285148,0.0003623465912991876,0.20825914921450228,0.20619696031678644,0.2159196783381827,0.21544482792013195,0.3982549192160121,0.0021887745252466674,0.002257369018251419,0.0021910839978262174,0.0021439308509073737,0.0015229739545930643,0.0016470807333315144,0.0015453980183557686,0.0016089139275784234,0.0031926336452688052,0.0018597821533245366,0.8029241857098541,0.0009793864395840092,0.0010189649976218391,0.0010026263628985356,0.0009613560115659741,,,,,0.010838988941190529
2022-11-08 03:59:11,0.07418237797625406,0.059739640707559806,0.054611149904307,0.05448834619279355,0.06193358329297516,0.025538365479340044,0.04864052147853114,0.002840055026700177,0.0008891112842350421,2.288006041371804e-05,0.0007995964208284274,0.0169809370414263,0.004514157583825963,0.004776916395401555,0.00575138382178049,0.002709066492507468,0.0021089624053258573,0.00376880998497976,0.0028783268549285148,0.0003623465912991876,0.20825914921450228,0.2078667768621856,0.2159196783381827,0.21544482792013195,0.3982549192160121,0.0021849567217345524,0.002257369018251419,0.0021910839978262174,0.0021249806360772484,0.0015229739545930643,0.0016470807333315146,0.0015521525692198924,0.0016079542850292758,0.0034344621915958734,0.0017912383827665577,0.8029241857098541,0.000971659287601662,0.0010189649976218391,0.0010026263628985356,0.0009613560115659741,,,,,0.01083908075733284
2022-11-08 03:59:12,0.07418237797625406,0.06408422821151141,0.050451137866784984,0.05498627856056762,0.06193358329297516,0.025538365479340044,0.04864052147853114,0.002840055026700177,0.0008891112842350421,2.288006041371804e-05,0.0008070601258164712,0.0169809370414263,0.004473566941695522,0.005166921851711467,0.00575138382178049,0.002645298974991293,0.0021089624053258573,0.00376880998497976,0.0028783268549285148,0.0003623465912991876,0.20825914921450228,0.2078667768621856,0.2159196783381827,0.21576283868018026,0.3982549192160121,0.0021849567217345524,0.002257369018251419,0.002021192754444942,0.0021249806360772484,0.0015374522844874999,0.0016470807333315146,0.0016877541405433095,0.0016079542850292758,0.0032327853952597964,0.0021271302515877303,0.816197061206962,0.000971659287601662,0.0010189649976218391,0.0009209627119536457,0.0009586245225295932,,,,,0.010170449861084556
2022-11-08 03:59:13,0.07418237797625406,0.06408422821151141,0.05069058100447153,0.0554842109283417,0.06193358329297516,0.025538365479340044,0.04864052147853114,0.002877082830069098,0.0009461117088127424,2.288006041371804e-05,0.0008145238308045152,0.0169809370414263,0.004432976299565082,0.005166921851711467,0.00575138382178049,0.002645298974991293,0.0021089624053258573,0.0038114713443733444,0.0028783268549285148,0.0003623465912991876,0.2083972195280912,0.19133682403414348,0.21474534487866698,0.21576283868018026,0.3982549192160121,0.0021849567217345524,0.002257369018251419,0.0020028138809565325,0.0021249806360772484,0.0015374522844874999,0.0016470807333315146,0.0016877541405433095,0.0016203156911906446,0.0032327853952597964,0.0021271302515877303,0.816197061206962,0.000971659287601662,0.001014040897238212,0.0009126652469114906,0.0009586245225295932,,,,,0.01098208720608954
2022-11-08 03:59:14,0.07418237797625406,0.06408422821151141,0.05040019142200626,0.059848671120609445,0.06193358329297516,0.02163582744145153,0.04864052147853114,0.002877082830069098,0.0009461117088127424,2.288006041371804e-05,0.0008219875357925591,0.0169809370414263,0.004392385657434642,0.005166921851711467,0.00575138382178049,0.0024724509697883704,0.001968701837532687,0.0038114713443733444,0.0029292383282692775,0.0003623465912991876,0.2083972195280912,0.20837950068827027,0.21474534487866698,0.21576283868018026,0.3982549192160121,0.0021849567217345524,0.002257369018251419,0.001984435007468123,0.0021249806360772484,0.0015374522844874999,0.0016470807333315146,0.0016877541405433095,0.0016203156911906446,0.0032327853952597964,0.0021271302515877303,0.816197061206962,0.0008866871200112008,0.001014040897238212,0.0009030997655514288,0.0009586245225295932,,,,,0.01098208720608954
2022-11-08 03:59:15,0.07470181330014697,0.06408422821151141,0.04994343968548867,0.059848671120609445,0.06193358329297516,0.02163582744145153,0.04864052147853114,0.002877082830069098,0.0009461117088127424,1.809016810506549e-05,0.000829451240780603,0.01578960207673506,0.004778904405392515,0.005166921851711467,0.00575138382178049,0.002495773130840496,0.001968701837532687,0.0038114713443733444,0.0029292383282692775,0.0003623465912991876,0.2083972195280912,0.20837950068827027,0.20102379176880844,0.2168267154375581,0.3982549192160121,0.0021849567217345524,0.002257369018251419,0.002162041395276524,0.0021249806360772484,0.0015374522844874999,0.001663837891475629,0.0016877541405433095,0.0016203156911906446,0.0032327853952597964,0.0021271302515877303,0.7565083440114069,0.000963158053027322,0.0009463386130231396,0.0009773511759754764,0.0008869157469648277,,,,,0.01098208720608954
2022-11-08 03:59:16,0.07470181330014697,0.06408422821151141,0.05557706959007092,0.059848671120609445,0.06193358329297516,0.02163582744145153,0.04867512551642264,0.002877082830069098,0.0009605786879745406,1.809016810506549e-05,0.0008369149457686468,0.01564862125175483,0.004778904405392515,0.005059914766328181,0.00575138382178049,0.0027246334972450045,0.001968701837532687,0.0038114713443733444,0.0029292383282692775,0.0003623465912991876,0.2083972195280912,0.20837950068827027,0.2007958224743393,0.2168267154375581,0.3982549192160121,0.0021707772566465083,0.0022562002659844193,0.002162041395276524,0.0021249806360772484,0.0015374522844874999,0.0016688476778982109,0.0016877541405433095,0.0016203156911906446,0.0032327853952597964,0.0021271302515877303,0.7502444611909007,0.000963158053027322,0.0009378131296707683,0.0009773511759754762,0.0008951575744696049,,,,,0.01098208720608954
2022-11-08 03:59:17,0.07470181330014697,0.06408422821151141,0.05557706959007092,0.059848671120609445,0.06657666855179832,0.02163582744145153,0.04867512551642264,0.002877082830069098,0.0009605786879745406,2.161324448558695e-05,0.000898063836784859,0.015507640426774605,0.004778904405392515,0.005059914766328181,0.005732546196327266,0.0027246334972450045,0.001968701837532687,0.0038114713443733444,0.0029292383282692775,0.00034545714299457405,0.2083972195280912,0.20837950068827027,0.19900869651577477,0.2168267154375581,0.3982549192160121,0.0021707772566465083,0.0022562002659844193,0.002162041395276524,0.0021249806360772484,0.0015414109557802449,0.0016688476778982109,0.0016908078037947336,0.0014780656190064403,0.0032264152443143685,0.0021271302515877303,0.7439805783703948,0.000963158053027322,0.000929287646318397,0.0009773511759754762,0.0008477940453818769,,,,,0.01098208720608954
2022-11-08 03:59:18,0.0748904145179862,0.05968329158580912,0.05557706959007092,0.059848671120609445,0.06657666855179832,0.02163582744145153,0.04873268034625128,0.002877082830069098,0.001049490618765268,2.18824443319882e-05,0.000898063836784859,0.01691327510985314,0.004778904405392515,0.0049538995562901905,0.005732546196327266,0.0027246334972450045,0.0018070827341632209,0.0038114713443733444,0.0029976545559926133,0.00034545714299457405,0.2083972195280912,0.20837950068827027,0.21755286762623383,0.2168267154375581,0.3982549192160121,0.0021707772566465083,0.0022562002659844193,0.002162041395276524,0.0021249806360772484,0.0015414109557802449,0.0016621771880782998,0.0016908078037947336,0.001491311390940039,0.0032264152443143685,0.0020465171241395366,0.8810497301233786,0.000963158053027322,0.0010003977682600071,0.0009773511759754762,0.0009834987135753353,,,,,0.010748010898460367
2022-11-08 03:59:19,0.06943408217967414,0.06409123021011504,0.05557706959007092,0.059848671120609445,0.06203626982528361,0.02189539660364557,0.04873268034625128,0.002877082830069098,0.001049490618765268,1.9716058568074116e-05,0.000898063836784859,0.015645893390864838,0.004778904405392515,0.0049538995562901905,0.005732546196327266,0.0027246334972450045,0.0017895272076100628,0.003562605551231514,0.002887090744192776,0.0003477401920653053,0.2083972195280912,0.20837950068827027,0.21755286762623383,0.2168267154375581,0.3686979000621231,0.0021707772566465083,0.0022562002659844193,0.002162041395276524,0.0021249806360772484,0.0015414109557802449,0.0016621771880782998,0.0016908078037947336,0.0015045571628736374,0.0032697014829708103,0.0020465171241395366,0.8810497301233786,0.000963158053027322,0.0010003977682600071,0.0009773511759754762,0.0009834987135753353,,,,,0.010748010898460367
2022-11-08 03:59:20,0.0748611283529243,0.06409123021011504,0.05557706959007092,0.05394847362668472,0.06150042418486096,0.02203029479793807,0.048289547364200575,0.002877082830069098,0.001049490618765268,2.1946513895431698e-05,0.0008056706156230559,0.016924425865895733,0.004857442550753675,0.0049538995562901905,0.005318016446605024,0.0026301466945860296,0.0017719716810569047,0.003531731455646968,0.002887090744192776,0.00033075439671958497,0.19307821252723767,0.20837950068827027,0.21755286762623383,0.2168267154375581,0.39384548866626135,0.0021707772566465083,0.0022696771868513793,0.002162041395276524,0.0021249806360772484,0.0015414109557802449,0.0016621771880782998,0.0016908078037947336,0.001605622402726995,0.0032697014829708103,0.0020465171241395366,0.8810497301233786,0.000963158053027322,0.0010003977682600071,0.0009773511759754762,0.0009834987135753353,,,,,0.010748010898460367
2022-11-08 03:59:21,0.0748611283529243,0.05966258608979866,0.05557706959007092,0.0544455575471894,0.0609645785444383,0.02203029479793807,0.048289547364200575,0.002877082830069098,0.001049490618765268,2.1677314049030446e-05,0.0008128239575899345,0.016924425865895733,0.004857442550753675,0.0049538995562901905,0.005432615727258821,0.0026301466945860296,0.002056678710238594,0.00388998631629055,0.002887090744192776,0.0003572150620169849,0.2046690288227215,0.20801204103420246,0.21755286762623383,0.21691870447371137,0.39384548866626135,0.0021707772566465083,0.0021162043889452623,0.002162041395276524,0.0021139198932157337,0.0015414109557802449,0.0016621771880782998,0.0016908078037947336,0.0015902392602736002,0.0032697014829708103,0.0021192102704370034,0.8810497301233786,0.000993287376441482,0.0010118160968685791,0.0009773511759754762,0.0009834987135753353,,,,,0.010748223529809298
2022-11-08 03:59:22,0.0748611283529243,0.05912114292568793,0.05557706959007092,0.05494264146769408,0.06869717775763864,0.022145461371286153,0.048289547364200575,0.0029154552753023278,0.0009749407432708085,2.386700937428348e-05,0.0008770228172953474,0.016744100671647687,0.004857442550753675,0.0049538995562901905,0.005403994222474554,0.0026301466945860296,0.002031446674801227,0.00388998631629055,0.002887090744192776,0.0003572150620169849,0.2046690288227215,0.20801204103420246,0.21755286762623383,0.2173407402756164,0.39223027504620156,0.002162685351619255,0.0020974649602341225,0.0021718607339463025,0.001910318468335388,0.0015414109557802449,0.0016621771880782998,0.0016908078037947336,0.0015902392602736002,0.0032697014829708103,0.0021192102704370034,0.8810497301233786,0.000993287376441482,0.001018754185420234,0.000992342474373448,0.0009834987135753353,,,,,0.010748223529809298
2022-11-08 03:59:23,0.0748611283529243,0.0585796997615772,0.05557706959007092,0.05970097729672508,0.062031621308303045,0.022145461371286153,0.048289547364200575,0.0029154552753023278,0.0010098757055165644,2.601557096717912e-05,0.0008140453185570644,0.015273474336486324,0.004857442550753675,0.005103223439930364,0.005354801620913795,0.0026301466945860296,0.002031446674801227,0.003861488915934607,0.002887090744192776,0.0003572150620169849,0.2046690288227215,0.20801204103420246,0.21755286762623383,0.21805912540897873,0.39223027504620156,0.001989165218017457,0.002283037471599118,0.0021718607339463025,0.0019276686556833197,0.0015377741660269454,0.0016621771880783,0.0015312951166047907,0.0015902392602736002,0.0032697014829708103,0.002115914612848402,0.8755522077072697,0.000993287376441482,0.001018754185420234,0.000992342474373448,0.0009834987135753353,,,,,0.010748223529809298
2022-11-08 03:59:24,0.0748611283529243,0.05803825659746647,0.05557706959007092,0.055436601510379935,0.06260989629221239,0.022145461371286153,0.048289547364200575,0.0029429733428583947,0.0010098757055165644,2.5746371120777864e-05,0.0008065816135690205,0.015413415531795299,0.004857442550753675,0.005103223439930364,0.005305609019353038,0.00258374163621246,0.002031446674801227,0.003861488915934607,0.002887090744192776,0.0003572150620169849,0.2046690288227215,0.20801204103420246,0.2196248203047741,0.21805912540897873,0.39223027504620156,0.0019710311740094313,0.002283037471599118,0.0021718607339463025,0.0019450188430312518,0.0015377741660269454,0.0016621771880783,0.0014283475680518987,0.0014871076799986014,0.0033424945558604216,0.0021155409908260757,0.8755522077072697,0.000993287376441482,0.001018754185420234,0.000992342474373448,0.0009834987135753353,,,,,0.010609835148421499
2022-11-08 03:59:25,0.0748611283529243,0.06250779265350255,0.055703804744543214,0.05049747285485683,0.06318817127612174,0.022145461371286153,0.048289547364200575,0.0029429733428583947,0.0011194409332195808,2.5477171274376612e-05,0.0008691278573190091,0.015553356727104277,0.004857442550753675,0.005103223439930364,0.00525641641779228,0.002614880689011914,0.0018533125734663842,0.0038820117623712853,0.002887090744192776,0.0003572150620169849,0.2046690288227215,0.20801204103420246,0.20366292450370205,0.21805912540897873,0.39223027504620156,0.002160363672170749,0.0022739668636569854,0.002172121163889514,0.0020948550609679916,0.0015377741660269454,0.0016621771880783,0.0015425542098400878,0.0014738619080650025,0.003236748284273162,0.0021745352229901953,0.8755522077072697,0.000993287376441482,0.001018754185420234,0.0008861575434299493,0.0009834987135753353,,,,,0.010882415715162758
2022-11-08 03:59:26,0.0748611283529243,0.06425890884587751,0.055703804744543214,0.04950245656657808,0.06376644626003108,0.022145461371286153,0.048289547364200575,0.0029705826822910325,0.0011194409332195808,2.520797142797536e-05,0.0008691278573190091,0.016798810041821613,0.004465587263603008,0.005103223439930364,0.0054834228958227475,0.002614880689011914,0.0018533125734663842,0.0038820117623712853,0.002887090744192776,0.0003572150620169849,0.2046690288227215,0.20843878837204657,0.2018449754365539,0.21805912540897873,0.39223027504620156,0.002160363672170749,0.0020926391119218306,0.002172121163889514,0.0020948550609679916,0.0015453185450874287,0.0016621771880783,0.0015285436718666834,0.001460616136131404,0.0031453707577631515,0.002156160803283882,0.8755522077072697,0.000993287376441482,0.0009997476449262535,0.0009629531302116349,0.0009775913944660578,,,,,0.01088355911548039
2022-11-08 03:59:27,0.06877320332230895,0.06425890884587751,0.055703804744543214,0.0529751543425058,0.0660548320770305,0.022145461371286153,0.048289547364200575,0.0029705826822910325,0.0011194409332195808,2.212794021072312e-05,0.0008691278573190091,0.016798810041821613,0.004465587263603008,0.005103223439930364,0.0054834228958227475,0.002614880689011914,0.0018533125734663842,0.0039060302493010486,0.0028207862618616353,0.0003572150620169849,0.18284737391551492,0.19082677646067073,0.17652105785089356,0.21805912540897873,0.39369220327151844,0.002160363672170749,0.002111637885375962,0.002172121163889514,0.0020948550609679916,0.0015453185450874287,0.0016621771880783,0.0016760002831571166,0.0014473703641978053,0.003361433719580922,0.002156160803283882,0.8755522077072697,0.0009701892437519165,0.0009997476449262535,0.000962953130211635,0.0009060179907766552,,,,,0.01088355911548039
2022-11-08 03:59:28,0.06942353204901405,0.06425890884587751,0.056473766061046315,0.052477221974731716,0.0702767735905396,0.022145461371286153,0.048289547364200575,0.002929836929775197,0.0011194409332195808,2.212794021072312e-05,0.0008691278573190091,0.016798810041821613,0.004465587263603008,0.005103223439930364,0.0054834228958227475,0.002614880689011914,0.0018533125734663842,0.0039060302493010486,0.0028207862618616353,0.0003969536771282194,0.18453110425063085,0.20615721075175616,0.20179362472948056,0.21805912540897873,0.39369220327151844,0.002160363672170749,0.0022761672634887403,0.002172121163889514,0.0020948550609679916,0.0015453185450874287,0.0016641477465832745,0.001528040962090848,0.0014341245922642066,0.003361433719580922,0.002156160803283882,0.8755522077072697,0.0009701892437519165,0.0009997476449262535,0.000962953130211635,0.0008977761632718781,,,,,0.01088355911548039
2022-11-08 03:59:29,0.07055523163283782,0.06425890884587751,0.056473766061046315,0.05869754450025681,0.0702767735905396,0.02000934550369665,0.04530853296463697,0.002929836929775197,0.0011194409332195808,2.212794021072312e-05,0.0008691278573190091,0.016798810041821613,0.004465587263603008,0.004920171413850179,0.0054834228958227475,0.002614880689011914,0.0018533125734663842,0.0039060302493010486,0.0028207862618616353,0.0003969536771282194,0.18621483458574678,0.20615721075175616,0.20361520620445328,0.2191285059697024,0.39369220327151844,0.002160363672170749,0.0022761672634887403,0.0021618920117544827,0.0020948550609679916,0.0014157433791384048,0.0016641477465832745,0.0015419083040688099,0.0015690275244007717,0.0033495091543707437,0.002156160803283882,0.8755522077072697,0.0009701892437519165,0.0009997476449262535,0.000962953130211635,0.000889534335767101,,,,,0.009750912485082058
2022-11-08 03:59:30,0.07669953744274771,0.06425890884587751,0.05747502257555734,0.05869754450025681,0.0702767735905396,0.020191454603137628,0.041175990258454476,0.002929836929775197,0.0011194409332195808,2.212794021072312e-05,0.0008691278573190091,0.016798810041821613,0.00478038728177662,0.004920171413850179,0.0054834228958227475,0.002614880689011914,0.0018533125734663842,0.0039060302493010486,0.002588022488627965,0.0003969536771282194,0.1878985649208627,0.20615721075175616,0.2198427647742478,0.2191285059697024,0.39369220327151844,0.002012922692202656,0.0022761672634887403,0.0021618920117544827,0.0020948550609679916,0.0014028724197454202,0.0016641477465832745,0.0015557756460467715,0.0015538544428501488,0.0033495091543707437,0.0022133406366918757,0.9098359814375543,0.0009701892437519165,0.0009997476449262535,0.000962953130211635,0.0008812925082623238,,,,,0.009834633097444409
2022-11-08 03:59:31,0.07623052338758222,0.06425890884587751,0.05747502257555734,0.05869754450025681,0.0702767735905396,0.022079561746141667,0.04394072077651251,0.002929836929775197,0.0011194409332195808,2.212794021072312e-05,0.000863648515551061,0.016798810041821613,0.0046842196442509745,0.004920171413850179,0.005255936081298682,0.002614880689011914,0.0018533125734663842,0.0039060302493010486,0.00280610579092751,0.0003969536771282194,0.20162846956138186,0.20615721075175616,0.2198427647742478,0.2191285059697024,0.39369220327151844,0.0021698106332321433,0.0022761672634887403,0.0021773462749380677,0.001891046240100537,0.0013900014603524355,0.0016474410611389517,0.0016713714975513986,0.0015538544428501488,0.003342768245166107,0.0022133406366918757,0.9098359814375543,0.0009701892437519165,0.0009997476449262535,0.0011309858621693179,0.0010784395929223658,,,,,0.010753248560951561
2022-11-08 03:59:32,0.07623052338758222,0.06425890884587751,0.05747502257555734,0.05869754450025681,0.0702767735905396,0.05924351094244749,0.04355252972014728,0.002929836929775197,0.0008927610277030151,2.2127940210723117e-05,0.0010833118469597612,0.016798810041821613,0.0046842196442509745,0.004920171413850179,0.005255936081298682,0.002614880689011914,0.0018533125734663842,0.0039060302493010486,0.002582358185411669,0.0003703849355940704,0.20162846956138186,0.20615721075175616,0.2198427647742478,0.2191285059697024,0.39369220327151844,0.0021698106332321433,0.0022761672634887403,0.0021773462749380677,0.001908441196778127,0.0015568648342262452,0.001647223367704784,0.0016713714975513986,0.0015417076417936085,0.003992437639003132,0.0022133406366918757,0.9098359814375543,0.0009701892437519165,0.0009997476449262535,0.001261087500579842,0.0010855372498168206,,,,,0.010753248560951561
2022-11-08 03:59:33,0.07623052338758222,0.06425890884587751,0.05747502257555734,0.05869754450025681,0.0702767735905396,0.06591427810434136,0.043987129645810086,0.002929836929775197,0.0008927610277030151,2.2127940210723117e-05,0.0010833118469597612,0.016798810041821613,0.0046842196442509745,0.004593518495754572,0.0044620450705605,0.0025566393692743844,0.0012186132139945585,0.0039060302493010486,0.002605585463253377,0.0003762522390846031,0.20162846956138186,0.20536656016913696,0.2198427647742478,0.2191285059697024,0.39497583152203164,0.0021698106332321433,0.0020572556195971427,0.0021662900998839557,0.0020847086415313166,0.001557945930167429,0.001647223367704784,0.0016713714975513986,0.001542487064019471,0.003992437639003132,0.0022133406366918757,0.9098359814375543,0.0010811367670426578,0.0009626698855092279,0.001261087500579842,0.001055959510536352,,,,,0.010751997769215812
2022-11-08 03:59:34,0.07623052338758222,0.059585521941082124,0.05747502257555734,0.05869754450025681,0.0702767735905396,0.0645790464132564,0.04439145056864126,0.002929836929775197,0.0009323323750785103,1.9711293435191145e-05,0.0010833118469597612,0.01553218087941537,0.0046842196442509745,0.004555998059492729,0.004504946388523335,0.0024687708180959967,0.0012240090344249515,0.0039060302493010486,0.0026288127410950854,0.0003762522390846031,0.20162846956138186,0.20536656016913696,0.20286783129465166,0.2194332681056682,0.39497583152203164,0.0021698106332321433,0.0020710901295885632,0.0021662900998839557,0.0020847086415313166,0.001557945930167429,0.001647223367704784,0.0016713714975513986,0.001542487064019471,0.003992437639003132,0.002237869852218447,0.9441159707612032,0.0010811367670426578,0.0009308397847883826,0.001261087500579842,0.001055959510536352,,,,,0.010751997769215812
2022-11-08 03:59:35,0.07130859754027402,0.05904260989359195,0.059156089645953744,0.05869754450025681,0.0702767735905396,0.10528579372032104,0.04803330389422249,0.002929836929775197,0.0009323323750785103,1.948836068220741e-05,0.0010833118469597612,0.016996072778854635,0.0047075706521149206,0.004439359094794748,0.004547847706486171,0.0024687708180959967,0.000596445590547406,0.0039060302493010486,0.0026520400189367936,0.0003762522390846031,0.20162846956138186,0.20536656016913696,0.2010253666900536,0.2194332681056682,0.36068683066179585,0.00197591064964039,0.0022583565298441577,0.0021662900998839557,0.0020847086415313166,0.001557945930167429,0.001647223367704784,0.0016713714975513986,0.001542487064019471,0.003992437639003132,0.002237869852218447,0.8649381144799002,0.0010527591726814337,0.0011210488205256304,0.0013119286799178104,0.001055959510536352,,,,,0.010751997769215812
2022-11-08 03:59:36,0.07194679623352794,0.05849969784610178,0.05423431205779142,0.05869754450025681,0.06550137877341622,0.11438906898388523,0.04803330389422249,0.002929836929775197,0.0009323323750785103,1.0513452897524855e-05,0.0010833118469597612,0.017229396376377173,0.0047075706521149206,0.004865066583547312,0.004590749024449006,0.0024687708180959967,0.003967101625710546,0.00394128142641333,0.0028568465413060552,0.0003903827523749027,0.20227258733752856,0.20272097790175675,0.22027094523729585,0.2194332681056682,0.3639560935796503,0.0019939519267569814,0.0022583565298441577,0.0021662900998839557,0.0019361216370836279,0.001557945930167429,0.001647223367704784,0.0016713714975513986,0.001542487064019471,0.003992437639003132,0.002237869852218447,0.9132409852248242,0.0010527591726814337,0.0011210488205256304,0.0013119286799178104,0.001055959510536352,,,,,0.010751997769215812
2022-11-08 03:59:37,0.07684263114237654,0.057956785798611604,0.05866387000818494,0.05869754450025681,0.06492310378950687,0.11438906898388523,0.04803330389422249,0.002929836929775197,0.0009323323750785103,1.0290520144541116e-05,0.0010833118469597612,0.015982963473292675,0.0050418710080787545,0.004865066583547312,0.005151306327722444,0.0024687708180959967,0.00403815161197418,0.00394128142641333,0.0028568465413060552,0.00033635553207457265,0.20227258733752856,0.20272097790175675,0.22027094523729585,0.1979894975983174,0.36722535649750476,0.0020080021863433497,0.0022583565298441573,0.002163184560623851,0.001918771449735696,0.001557945930167429,0.001647223367704784,0.0016713714975513986,0.001542487064019471,0.003992437639003132,0.002237869852218447,0.9132409852248242,0.0010527591726814337,0.0011210488205256304,0.0013119286799178104,0.0012184881387231252,,,,,0.010751997769215812
2022-11-08 03:59:38,0.07684263114237654,0.05815481696525489,0.05866387000818494,0.05869754450025681,0.06434482880559753,0.11438906898388523,0.04803330389422249,0.0028735662916574657,0.0009323323750785103,1.006758739155738e-05,0.0013591441648135166,0.0158430222779837,0.0050418710080787545,0.004865066583547312,0.005151306327722444,0.0024687708180959967,0.004109201598237814,0.00417008338632736,0.0028568465413060552,0.00033635553207457265,0.20227258733752856,0.20272097790175675,0.22027094523729585,0.1998305262342931,0.39389218924129077,0.002164206570498319,0.0022583565298441573,0.002163184560623851,0.0019014212623877642,0.0015992540764678115,0.001647223367704784,0.0016713714975513986,0.001542487064019471,0.004559624508311269,0.002185928905080213,0.9132409852248242,0.0010527591726814337,0.0011210488205256304,0.0013119286799178104,0.0012184881387231252,,,,,0.010102018136650123
2022-11-08 03:59:39,0.07684263114237654,0.06228337830878538,0.05866387000818494,0.056781569270055954,0.07305619634574032,0.11438906898388523,0.04803330389422249,0.0026449343349837988,0.0006571683373430988,0.00029007667041496096,0.0013591441648135166,0.017682203357724254,0.0050418710080787545,0.004865066583547312,0.005151306327722444,0.0024687708180959967,0.004588034099413295,0.004878636668152076,0.0028568465413060552,0.00033635553207457265,0.20227258733752856,0.20255728132951045,0.22027094523729585,0.2016715548702688,0.39389218924129077,0.002168258782537679,0.0022583565298441573,0.002163184560623851,0.0017149877473944875,0.0015992540764678115,0.001647223367704784,0.0017050334088649964,0.001542487064019471,0.004559624508311269,0.002277536266764234,0.9132409852248242,0.0010527591726814337,0.0011210488205256304,0.0013119286799178104,0.001218488138723125,,,,,0.010014288711611537
2022-11-08 03:59:40,0.07684263114237654,0.06228337830878538,0.05866387000818494,0.056781569270055954,0.07305619634574032,0.11438906898388523,0.04803330389422249,0.002714484474288609,0.0006559070461077626,0.0002898537376619772,0.0013591441648135166,0.017682203357724254,0.0050418710080787545,0.004719203022341679,0.005151306327722444,0.002147916011982722,0.004533899532888508,0.004878636668152076,0.0028568465413060552,0.00033635553207457265,0.20227258733752856,0.20255728132951045,0.22027094523729585,0.2035125835062445,0.39389218924129077,0.002168258782537679,0.0022583565298441573,0.002163184560623851,0.0020228464858225866,0.0015992540764678115,0.001647223367704784,0.0017050334088649964,0.001542487064019471,0.004559624508311269,0.002277536266764234,0.9132409852248242,0.001082422537897497,0.0010568370360615905,0.0013119286799178104,0.001218488138723125,,,,,0.009930812015580659
2022-11-08 03:59:41,0.07675630043194831,0.06228337830878538,0.05866387000818494,0.05580051847067283,0.07305619634574032,0.11438906898388523,0.04803330389422249,0.002690484268890507,0.0006559070461077626,0.00028963080490899344,0.0013591441648135166,0.01750023399129698,0.0050418710080787545,0.004761204764299932,0.00607058020534588,0.002128558033481365,0.012120587808591154,0.004878636668152076,0.0028568465413060552,0.0003363555320745726,0.20227258733752856,0.2047458921966488,0.22027094523729585,0.2053536121422202,0.39389218924129077,0.002168258782537679,0.0022583565298441573,0.002163184560623851,0.0020228464858225866,0.0016224752426349472,0.001647223367704784,0.001707324391746866,0.001542487064019471,0.004454955022697079,0.002277536266764234,0.8310947453809053,0.001082422537897497,0.0012806662824008407,0.0013119286799178104,0.001218488138723125,,,,,0.009847335319549781
2022-11-08 03:59:42,0.07672157021559503,0.06228337830878538,0.05866387000818494,0.055957723087431514,0.07436705281167455,0.11438906898388523,0.04803330389422249,0.0032425006559397822,0.0006559070461077626,0.0002802320157763873,0.0013591441648135166,0.01750023399129698,0.0050418710080787545,0.005646607575952739,0.00607058020534588,0.0022500759236327825,0.012120587808591154,0.004988662227465863,0.0028842488106556397,0.0003363555320745726,0.20313148398468062,0.2047458921966488,0.22027094523729585,0.2205132556070561,0.39389218924129077,0.002168258782537679,0.0022583565298441573,0.002163184560623851,0.0020228464858225866,0.0016224752426349472,0.001647223367704784,0.001707324391746866,0.001542487064019471,0.004528224028117067,0.002277536266764234,0.886984579921978,0.001082422537897497,0.0012806662824008407,0.0013119286799178104,0.001218488138723125,,2.160446760302349e-05,2.2158477563736685e-05,,0.009763858623518903
2022-11-08 03:59:43,0.07672157021559503,0.056913168710232526,0.05866387000818494,0.055957723087431514,0.07436705281167455,0.1527587758125266,0.04819723476104415,0.0032425006559397822,0.0006559070461077626,0.0005614526318493522,0.0014012139434938758,0.01750023399129698,0.0050418710080787545,0.005646607575952739,0.006259661031260693,0.0022500759236327825,0.012120587808591154,0.004988662227465863,0.0028598619794755805,0.0003363555320745726,0.20313148398468062,0.2047458921966488,0.22091544063136437,0.1994730634269934,0.39389218924129077,0.002168258782537679,0.0020644086754028684,0.002163184560623851,0.0020228464858225866,0.0016224752426349472,0.0015291354674603916,0.001707324391746866,0.001542487064019471,0.004875807878119033,0.002277536266764234,0.886984579921978,0.001082422537897497,0.0012806662824008407,0.001378868481428575,0.001218488138723125,1.8910900024670054e-05,0.0013707317130398388,2.3205219382610354e-05,1.9078629368634126e-05,0.011317409063459509
2022-11-08 03:59:44,0.07672157021559503,0.06142823592799816,0.05866387000818494,0.055957723087431514,0.0718222470723513,0.1527587758125266,0.04811615412140198,0.0032425006559397822,0.0006559070461077626,0.0005614526318493522,0.0014012139434938758,0.01750023399129698,0.00550715904193189,0.005646607575952739,0.006259661031260693,0.0022500759236327825,0.012120587808591154,0.004988662227465863,0.0028354751482955213,0.0003363555320745726,0.20313148398468062,0.2047458921966488,0.22091544063136437,0.20131048940299537,0.39389218924129077,0.002168258782537679,0.002045686715867193,0.002163184560623851,0.0020228464858225866,0.0016224752426349472,0.0015153931306461951,0.001707324391746866,0.001542487064019471,0.004906510053055085,0.002008897108137565,0.886984579921978,0.001082422537897497,0.0012806662824008407,0.001378868481428575,0.001218488138723125,1.968561940298509e-05,0.0014395056229984907,2.425196120148402e-05,1.9847959961344883e-05,0.011317652979790978
2022-11-08 03:59:45,0.07672157021559503,0.06142823592799816,0.05860091800833157,0.055957723087431514,0.07248951341978083,0.1527587758125266,0.04811615412140198,0.0032425006559397822,0.0006920798680149373,0.0005614526318493522,0.0014012139434938758,0.01750023399129698,0.006047843087975901,0.005646607575952739,0.006259661031260693,0.0022500759236327825,0.012120587808591154,0.004988662227465863,0.0028110883171154617,0.0003363555320745726,0.18372037823706933,0.2047458921966488,0.22091544063136437,0.20314791537899735,0.39389218924129077,0.0020213456560977546,0.0020269647563315174,0.002163184560623851,0.0020228464858225866,0.0016224752426349472,0.0017118125474469186,0.0017643423039540446,0.001644321387929127,0.0046725282558186185,0.0021817450326664352,0.886984579921978,0.0013488842573144062,0.0012806662824008407,0.001378868481428575,0.0012657633574076,0.0014829861041868364,0.0015082795329571428,2.529870302035769e-05,0.001500732197122699,0.011669603409453371
2022-11-08 03:59:46,0.07672157021559503,0.06142823592799816,0.05860091800833157,0.05595772308743152,0.07768740705519891,0.1527587758125266,0.04811615412140198,0.0032425006559397822,0.0006920798680149373,0.0005614526318493522,0.0014012139434938758,0.01750023399129698,0.0057278705207905855,0.005646607575952739,0.006259661031260693,0.0022500759236327825,0.012120587808591154,0.004988662227465863,0.00323500164570201,0.00024307825728799796,0.16746739155254053,0.2047458921966488,0.22158434694598417,0.20468941555818748,0.36230497941694395,0.002003304378981163,0.002008242796795842,0.0021574271827410106,0.0020228464858225866,0.0016224752426349472,0.0017118125474469186,0.0017744841676260148,0.0016492108990629468,0.005784838367720476,0.0020186320890469736,0.8924222157407218,0.0013488842573144062,0.00124790337001616,0.0013925939824710664,0.0012945248680357895,0.0015477450426702518,0.0015770534429157949,2.6345444839231354e-05,0.001565355280704476,0.011669359493121898
2022-11-08 03:59:47,0.06816761851049816,0.06142823592799816,0.05860091800833157,0.05595772308743152,0.07768740705519891,0.1527587758125266,0.044938187874061994,0.0032425006559397822,0.0006920798680149373,0.0005614526318493522,0.0013049865403085485,0.01750023399129698,0.005783742520397736,0.006457944895691884,0.006259661031260693,0.0022500759236327825,0.018421353788048194,0.004988662227465863,0.00323500164570201,0.0002445156299202995,0.18591530536991938,0.2047458921966488,0.22158434694598417,0.2065185423903488,0.389470836800866,0.0019852631018645716,0.0019895208372601664,0.0021574271827410106,0.0020228464858225866,0.0016224752426349472,0.0016776392050164054,0.0017744841676260148,0.0016492108990629468,0.005797534747489062,0.0021664213578468125,0.8924222157407218,0.0013488842573144062,0.0014184818492054651,0.0013925939824710664,0.0013830868121624059,0.0016125039811536676,0.0016458273528744468,2.7392186658105023e-05,0.0016299783642862527,0.011669115576790427
2022-11-08 03:59:48,0.06880079745440541,0.06142823592799816,0.05341616418682367,0.05595772308743152,0.07768740705519891,0.1527587758125266,0.04453922155087575,0.0032425006559397822,0.0006920798680149373,0.0005614526318493522,0.0012934957864353656,0.01750023399129698,0.005839614520004885,0.006457944895691884,0.006259661031260693,0.0022500759236327825,0.018421353788048194,0.004988662227465863,0.00323500164570201,0.00021622899878446865,0.18759927501168538,0.2047458921966488,0.22158434694598417,0.22020932808822244,0.389470836800866,0.001969664023314906,0.001808141700298485,0.0021574271827410106,0.0020228464858225866,0.0016224752426349472,0.0016928413787019717,0.0017744841676260148,0.0015153783297457753,0.005810231127257649,0.0021664213578468125,0.8924222157407218,0.0013488842573144062,0.0014184818492054651,0.0013925939824710664,0.0013830868121624059,0.001677262919637083,0.0017146012628330993,0.0014849414710297046,0.0016946014478680293,0.010726563128853957
2022-11-08 03:59:49,0.06943397639831267,0.059720629739873715,0.05751575470492659,0.05595772308743152,0.07768740705519891,0.20183835741595152,0.04414025522768951,0.0032425006559397822,0.0006142475149149486,0.0005614526318493522,0.002941971894033314,0.017784778835101486,0.005895486519612036,0.006457944895691884,0.006259661031260693,0.0022500759236327825,0.020984303324091343,0.004988662227465863,0.00323500164570201,0.00014878742662582787,0.20131099781976516,0.2047458921966488,0.22046089096622556,0.22020932808822244,0.389470836800866,0.0019516227461983144,0.001770540142663337,0.0019483023327357928,0.0020228464858225866,0.0016224752426349472,0.001824583415861088,0.0017744841676260148,0.0015291371834780742,0.005822927507026235,0.0021664213578468125,0.8924222157407218,0.0013488842573144062,0.0014184818492054651,0.0013925939824710664,0.0013830868121624059,0.0017420218581204981,0.0017833751727917512,0.0015451554107132847,0.0017592245314498058,0.01082546597220934
2022-11-08 03:59:50,0.07006715534221991,0.059720629739873715,0.05751575470492659,0.04570163521374522,0.07768740705519891,0.20423332392465182,0.03825006026365647,0.0032425006559397822,0.0006683776692108872,0.0005614526318493522,0.003264397201405311,0.017604115461433256,0.005951358519219185,0.006457944895691884,0.006259661031260693,0.00214955891422583,0.020984303324091343,0.004988662227465863,0.00323500164570201,0.00016376289814919317,0.20131099781976516,0.2047458921966488,0.22046089096622556,0.22020932808822244,0.389470836800866,0.0019335814690817229,0.001732938585028189,0.0019664493572263907,0.0018397622014029327,0.0014786196704144453,0.001824583415861088,0.0017744841676260148,0.001542896037210373,0.0058356238867948215,0.0021664213578468125,0.8924222157407218,0.0013488842573144062,0.0014184818492054651,0.0013925939824710664,0.0012919200487233648,0.0018067807966039137,0.0018521490827504035,0.0016053693503968645,0.0018238476150315827,0.010924368815564722
2022-11-08 03:59:51,0.07060830294920253,0.059720629739873715,0.05751575470492659,0.05095828712080572,0.07768740705519891,0.20662829043335212,0.038251577129629934,0.0032425006559397822,0.0006683776692108872,0.0005614526318493522,0.003264397201405311,0.017604115461433256,0.006439558739786527,0.006457944895691884,0.006259661031260693,0.00214955891422583,0.0238571358968635,0.005262010507743973,0.00310775471312341,0.00017533833955487796,0.20131099781976516,0.2047458921966488,0.22046089096622556,0.22020932808822244,0.389470836800866,0.0019155401919651312,0.001695337027393041,0.001780709863601326,0.0020076891313196604,0.0017022530979108343,0.001824583415861088,0.0017744841676260148,0.0016578810709934834,0.005931035064692452,0.0021664213578468125,0.7712987646188381,0.0013488842573144062,0.0014184818492054651,0.0013925939824710664,0.0012804450737787625,0.0018715397350873295,0.0019209229927090554,0.0016655832900804447,0.0018884706986133594,0.011132874143669197
2022-11-08 03:59:52,0.07124148189310978,0.05714553200961916,0.05322846852390001,0.05547509134730211,0.07768740705519891,0.23213869347108554,0.03825309399560339,0.003442495736111996,0.0007286905535012217,0.0006528452785136262,0.003264397201405311,0.017949986777710394,0.006439558739786527,0.006431567632971967,0.007156466896063099,0.001968612800087418,0.0238571358968635,0.005179895569083505,0.0033369696152370136,0.00017533833955487796,0.20131099781976516,0.2047458921966488,0.22046089096622556,0.204258042309917,0.386678132764939,0.0018974989148485397,0.0016577354697578932,0.0017809709290932474,0.0020076891313196604,0.0017326434977067505,0.001824583415861088,0.0018308456631255104,0.0016578810709934834,0.005931035064692452,0.0021664213578468125,0.83726618766395,0.0013488842573144062,0.0014184818492054651,0.001261811562783715,0.0012689700988341604,0.0019362986735707447,0.001989696902667708,0.0017257972297640247,0.001953093782195136,0.012047598477222322
2022-11-08 03:59:53,0.07646592804230437,0.05714553200961916,0.0473843002152011,0.05512625176187963,0.07700949622339479,0.23453365997978584,0.0438644787219175,0.0034424957361119963,0.0007286905535012217,0.0006528452785136262,0.003264397201405311,0.017949986777710394,0.006439558739786527,0.006431567632971967,0.0077364414576041535,0.00195097586708499,0.0238571358968635,0.005609679833364335,0.0033369696152370136,0.00017533833955487796,0.20083838436450355,0.2049746579394697,0.22046089096622556,0.20241701367394133,0.386678132764939,0.0018805176955058367,0.0016069640038298063,0.0017596551824658477,0.0020076891313196604,0.0017326434977067505,0.001824583415861088,0.0018308456631255104,0.0016578810709934834,0.005665742688099182,0.0021178911487803854,0.83726618766395,0.0013488842573144062,0.0014184818492054651,0.001250464585824528,0.0012574951238895579,0.00200105761205416,0.0023902748692084803,0.0017711220101360888,0.0020177168657769125,0.012047598477222322
2022-11-08 03:59:54,0.07646592804230437,0.05714553200961916,0.0473843002152011,0.05512625176187963,0.07401314246817994,0.23692862648848612,0.044264961911077205,0.003569685723914902,0.0007286905535012217,0.0006528452785136262,0.003264397201405311,0.017949986777710394,0.006439558739786527,0.006116339397845104,0.0077064556136096874,0.0021629279834509832,0.025136983930121606,0.005609679833364335,0.0033369696152370136,0.00017533833955487796,0.20083838436450355,0.2049746579394697,0.22046089096622556,0.2005759850379656,0.386678132764939,0.0018625746449261482,0.0015695044180336429,0.0017236221989765737,0.0020076891313196604,0.0017326434977067507,0.001824583415861088,0.0018677699778362582,0.0016578810709934834,0.00563504051316313,0.0021178911487803854,0.83726618766395,0.0014534390351894286,0.0012825388472902407,0.0012391176088653406,0.0012460201489449558,0.0028338651881611894,0.0024775899798366928,0.0018308899669104769,0.0020823399493586896,0.011898745920581264
2022-11-08 03:59:55,0.07666605466957144,0.05714553200961916,0.05740743791154575,0.05512625176187963,0.07401314246817994,0.20965807458692548,0.04480754398363357,0.0034720608213381085,0.0007286905535012217,0.0009382684973591397,0.0036472942555975203,0.017949986777710394,0.005969381040412363,0.006172534488290795,0.0077064556136096874,0.0021629279834509832,0.025136983930121606,0.005609679833364335,0.0033369696152370136,0.00017533833955487796,0.20083838436450355,0.20520887417755412,0.22046089096622556,0.1987349564019899,0.386678132764939,0.0018446315943464594,0.001551073075838382,0.0016875892154872992,0.00199163812649475,0.0015936789319300328,0.001824583415861088,0.0018677699778362582,0.001701420877948162,0.005505054764500028,0.0018898136419467622,0.83726618766395,0.0014534390351894286,0.0012703008258273438,0.0014033670964027922,0.0012345451740003535,0.0029292389203715054,0.002564905090464905,0.0018906579236848647,0.002134764079143177,0.011898745920581264
2022-11-08 03:59:56,0.07666605466957144,0.05714553200961916,0.052400347871463936,0.05512625176187963,0.07401314246817994,0.22309938710347016,0.04238982697067646,0.00321436446205128,0.0007580012768755022,0.0014781998071938555,0.0036472942555975203,0.01824876267198868,0.006024925314851345,0.006238556914211182,0.0077064556136096874,0.0021008238806432857,0.025136983930121606,0.00516695607188873,0.0030999899350352294,0.00017533833955487796,0.19996994881709557,0.20467580598244856,0.219107212294527,0.1971194876052963,0.386678132764939,0.0018266885437667711,0.001513337449165045,0.0014771344385198161,0.00199163812649475,0.0018083641001319247,0.001824583415861088,0.0019040668973341638,0.001701420877948162,0.006963336383339001,0.0020469760033087056,0.83726618766395,0.001441535590071236,0.0011607086667011833,0.0013762987372701718,0.0012230701990557512,0.003024612652581821,0.002652220201093118,0.0019504258804592526,0.0024181449387558223,0.011898745920581264
2022-11-08 03:59:57,0.07666605466957144,0.05714553200961916,0.05287380787136406,0.05512625176187963,0.07401314246817994,0.22309938710347016,0.04492848990675981,0.0035748894135164285,0.0007580012768755022,0.0014781998071938555,0.0036472942555975203,0.01824876267198868,0.006080469589290326,0.006712974599450522,0.0077064556136096874,0.0021008238806432857,0.025136983930121606,0.0051215543273456605,0.003308377549949399,0.00017533833955487796,0.19996994881709557,0.20467580598244856,0.21847913333814406,0.2181642993859788,0.386678132764939,0.0018087454931870826,0.0014756018224917078,0.0016291717240937973,0.0016666901657404567,0.0018083641001319247,0.001824583415861088,0.0019040668973341638,0.001701420877948162,0.006950640003570415,0.002047047600782528,0.8325388533399354,0.0014552260120649675,0.0011370673025477588,0.0013752311243427353,0.0012115952241111487,0.0024604053327901866,0.00203321086510783,0.0020101938372336405,0.002492232391228015,0.011898745920581264
2022-11-08 03:59:58,0.07666605466957144,0.05714553200961916,0.0577348216903386,0.05512625176187963,0.07401314246817994,0.22309938710347016,0.0445280067176001,0.0035748894135164285,0.0007580012768755022,0.0014781998071938555,0.0036472942555975203,0.01824876267198868,0.006136013863729309,0.006712974599450522,0.0077064556136096874,0.0021008238806432857,0.025136983930121606,0.005651383455053664,0.003308377549949399,0.00017533833955487796,0.19996994881709557,0.20467580598244856,0.21847913333814406,0.20509724593787218,0.386678132764939,0.001594391549495126,0.0014378661958183705,0.001592582533362998,0.001633496196965544,0.0018323750369835144,0.0018719790207749045,0.0019597801727816973,0.0017111681771120862,0.006937943623801828,0.002047047600782528,0.8325388533399354,0.0014689164340586992,0.0011134259383943344,0.0015038335119165842,0.0012001202491665466,0.002519079911258615,0.0020959009073604064,0.0020699617940080285,0.002566319843700208,0.011898967209705083
2022-11-08 03:59:59,0.07666605466957144,0.05714553200961916,0.0577348216903386,0.05512625176187963,0.07401314246817994,0.22309938710347016,0.04818889144385971,0.0035748894135164285,0.0007580012768755022,0.0014781998071938555,0.0036472942555975203,0.01824876267198868,0.005732243741397846,0.006712974599450522,0.0077064556136096874,0.0021417793765843695,0.023629593615418235,0.005651383455053664,0.003308377549949399,0.00017533833955487796,0.19996994881709557,0.18776896883382166,0.21847913333814406,0.20326811910571085,0.386678132764939,0.001558311426346952,0.001400130569145033,0.0015559933426321985,0.0016003022281906316,0.0018323750369835144,0.0019267579599589672,0.0019597801727816973,0.0017111681771120862,0.007274870192645998,0.002047047600782528,0.6975696866059278,0.001595504921023738,0.00108978457424091,0.001488459853037991,0.0011886452742219443,0.002592208008586868,0.0021585909496129835,0.002129729750782416,0.002640407296172401,0.011898967209705083
2022-11-08 04:00:00,0.07666605466957144,0.05714553200961916,0.0577348216903386,0.05512625176187963,0.06500872951521824,0.22309938710347016,0.04818889144385971,0.0035748894135164285,0.0007043767897161859,0.0014781998071938555,0.0036472942555975203,0.01866529058525733,0.00616979004639032,0.006712974599450522,0.0077064556136096874,0.0021417793765843695,0.02340565031995078,0.005651383455053664,0.0032947431800479463,0.00017533833955487796,0.19996994881709557,0.1860699172901062,0.21847913333814406,0.2014389922735495,0.386678132764939,0.0015222313031987783,0.001362394942471696,0.0015194041519013993,0.0015671082594157192,0.0018323750369835144,0.0019267579599589672,0.0019597801727816973,0.0017111681771120862,0.0066375839530188555,0.002047047600782528,0.703989399123771,0.001595504921023738,0.0010661432100874857,0.001473086194159398,0.0012362889777549685,0.002665336105915121,0.0022110233518695672,0.0015480492056096358,0.0027144947486445934,0.011898967209705083
